{
    "type": "Feature",
    "geometry": {
        "type": "Polygon",
        "crs": {
            "type": "name",
            "properties": {
                "name": "EPSG:4326"
            }
        },
        "bbox": [
            26.045343,
            68.034711,
            45.03052,
            74.064729
        ],
        "coordinates": [
            [
                [
                    33.202365,
                    74.064729
                ],
                [
                    33.163101,
                    74.054006
                ],
                [
                    33.006548,
                    73.98953
                ],
                [
                    31.582128,
                    73.328558
                ],
                [
                    30.027805,
                    72.558317
                ],
                [
                    28.601507,
                    71.777135
                ],
                [
                    27.288737,
                    70.986467
                ],
                [
                    26.06963,
                    70.208927
                ],
                [
                    26.045343,
                    70.186341
                ],
                [
                    26.11548,
                    70.167416
                ],
                [
                    26.822,
                    70.041913
                ],
                [
                    28.533349,
                    69.726335
                ],
                [
                    29.593557,
                    69.512995
                ],
                [
                    29.814669,
                    69.474078
                ],
                [
                    30.379195,
                    69.375786
                ],
                [
                    30.565825,
                    69.346198
                ],
                [
                    31.277785,
                    69.214783
                ],
                [
                    31.889712,
                    69.101411
                ],
                [
                    32.284006,
                    69.02817
                ],
                [
                    32.825632,
                    68.921958
                ],
                [
                    33.92282,
                    68.704287
                ],
                [
                    34.448618,
                    68.592953
                ],
                [
                    35.513666,
                    68.365016
                ],
                [
                    35.7693,
                    68.307111
                ],
                [
                    36.445158,
                    68.154394
                ],
                [
                    36.807544,
                    68.070991
                ],
                [
                    36.974337,
                    68.034711
                ],
                [
                    37.035443,
                    68.054791
                ],
                [
                    37.037322,
                    68.065527
                ],
                [
                    37.288949,
                    68.177808
                ],
                [
                    38.571398,
                    68.798364
                ],
                [
                    40.175249,
                    69.506422
                ],
                [
                    40.532558,
                    69.642931
                ],
                [
                    41.423755,
                    70.003592
                ],
                [
                    41.887926,
                    70.19808
                ],
                [
                    42.701157,
                    70.492904
                ],
                [
                    43.506165,
                    70.785676
                ],
                [
                    43.718324,
                    70.871499
                ],
                [
                    44.631948,
                    71.176452
                ],
                [
                    44.931932,
                    71.27775
                ],
                [
                    45.023893,
                    71.315619
                ],
                [
                    45.03052,
                    71.326142
                ],
                [
                    45.004292,
                    71.338788
                ],
                [
                    44.454534,
                    71.504592
                ],
                [
                    42.203217,
                    72.171367
                ],
                [
                    40.319012,
                    72.684214
                ],
                [
                    39.817895,
                    72.799259
                ],
                [
                    38.736815,
                    73.070493
                ],
                [
                    37.725102,
                    73.301258
                ],
                [
                    37.368421,
                    73.373765
                ],
                [
                    37.330955,
                    73.374547
                ],
                [
                    36.313915,
                    73.565527
                ],
                [
                    35.30931,
                    73.729613
                ],
                [
                    33.358755,
                    74.053771
                ],
                [
                    33.280678,
                    74.064642
                ],
                [
                    33.202365,
                    74.064729
                ]
            ]
        ]
    }
}